{"cameraMode":{"drawMode":0,"name":"Shaded","section":"Shading Mode"},"sceneLighting":true,"audioPlay":false,"sceneViewState":{"showFog":true,"showMaterialUpdate":false,"showSkybox":true,"showFlares":true,"showImageEffects":true,"showParticleSystems":true},"in2DMode":false,"pivot":{"x":248.739501953125,"y":16.24168586730957,"z":213.53900146484376},"rotation":{"x":-0.25620877742767336,"y":0.6118854284286499,"z":-0.2190786749124527,"w":-0.7156229615211487},"size":0.42635059356689455,"orthographic":false}