{"cameraMode":{"drawMode":0,"name":"Shaded","section":"Shading Mode"},"sceneLighting":false,"audioPlay":false,"sceneViewState":{"showFog":true,"showMaterialUpdate":false,"showSkybox":true,"showFlares":true,"showImageEffects":true,"showParticleSystems":true},"in2DMode":false,"pivot":{"x":8.389297485351563,"y":2.75714111328125,"z":15.212105751037598},"rotation":{"x":-0.03315264359116554,"y":-0.8017147779464722,"z":0.5952696204185486,"w":-0.04414180666208267},"size":11.287736892700196,"orthographic":false}