{"cameraMode":{"drawMode":0,"name":"Shaded","section":"Shading Mode"},"sceneLighting":true,"audioPlay":false,"sceneViewState":{"showFog":true,"showMaterialUpdate":false,"showSkybox":true,"showFlares":true,"showImageEffects":true,"showParticleSystems":true},"in2DMode":false,"pivot":{"x":438.64105224609377,"y":1.8652067184448243,"z":544.9297485351563},"rotation":{"x":-0.20850320160388947,"y":0.07729200273752213,"z":-0.015843791887164117,"w":-0.9750655889511108},"size":1.1978795528411866,"orthographic":false}