{"cameraMode":{"drawMode":0,"name":"Shaded","section":"Shading Mode"},"sceneLighting":false,"audioPlay":false,"sceneViewState":{"showFog":true,"showMaterialUpdate":false,"showSkybox":false,"showFlares":true,"showImageEffects":true,"showParticleSystems":true},"in2DMode":false,"pivot":{"x":55.33000183105469,"y":10.380000114440918,"z":61.2451171875},"rotation":{"x":0.40518972277641299,"y":-0.1817857325077057,"z":0.0825595110654831,"w":0.8921706676483154},"size":0.8660253882408142,"orthographic":false}