{"cameraMode":{"drawMode":0,"name":"Shaded","section":"Shading Mode"},"sceneLighting":false,"audioPlay":false,"sceneViewState":{"showFog":true,"showMaterialUpdate":false,"showSkybox":false,"showFlares":true,"showImageEffects":true,"showParticleSystems":true},"in2DMode":false,"pivot":{"x":0.0,"y":2.3000001907348635,"z":0.15852999687194825},"rotation":{"x":0.1898774355649948,"y":-0.613744854927063,"z":0.15528462827205659,"w":0.7504765391349793},"size":11.039060592651368,"orthographic":false}