{"cameraMode":{"drawMode":0,"name":"Shaded","section":"Shading Mode"},"sceneLighting":false,"audioPlay":false,"sceneViewState":{"showFog":true,"showMaterialUpdate":false,"showSkybox":false,"showFlares":true,"showImageEffects":true,"showParticleSystems":true},"in2DMode":false,"pivot":{"x":0.0,"y":2.000000476837158,"z":1.0729687213897706},"rotation":{"x":0.11278695613145828,"y":-0.6330965161323547,"z":0.09393750131130219,"w":0.7600744366645813},"size":2.8245697021484377,"orthographic":false}